id,name,province_id
1000001001101,اراک,100
1000001002536,داودآباد,100
1000001002074,ساروق,100
1000004002541,قورچی باشی,100
1000001001600,کارچان,100
1000002001103,آشتیان,100
1000004001105,خمین,100
1000003001104,تفرش,100
1000007002774,شهباز,100
1000006001110,ساوه,100
1000006002827,آوه,100
1000006001111,غرق آباد,100
1000006002137,نوبران,100
1000005001106,دلیجان,100
1000005001107,نراق,100
1000007002032,مهاجران,100
1000007002582,توره,100
1000007001112,آستانه,100
1000007001113,شازند,100
1000007002380,هندودر,100
10000012002073,جاورسیان,100
1000009001115,محلات,100
1000009001116,نیمور,100
10000010002378,رازقان,100
10000010001109,مامونیه,100
10000010002017,خشکرود,100
10000010002228,پرندک,100
10000010001108,زاویه,100
10000011001102,کمیجان,100
10000011002379,میلاجرد,100
10000012002304,خنداب,100
10000013002136,فرمهین,100
10000013002773,خنجین,100
10000013002941,تلخاب,100
1010001001117,آستارا,101
1010001002583,لوندویل,101
1010002001118,کیاشهر,101
1010002001119,آستانه اشرفیه,101
1010003001120,بندرانزلی,101
1010004001124,هشتپر تالش,101
1010004002381,لیسار,101
1010006001131,لوشان,101
1010006001132,رودبار,101
1010006001133,منجیل,101
1010006002139,رستم آباد,101
1010004002382,اسالم,101
1010004002584,حویق,101
1010004002585,چوبر,101
1010005001130,سنگر,101
1010005001127,کوچصفهان,101
1010005002075,لولمان,101
1010005001128,لشت نشاء,101
1010005001007,پیربازار,101
1010009001142,فومن,101
1010009001143,ماسوله,101
1010009002804,ماکلوان,101
10100010001145,لنگرود,101
10100010002076,چاف و چمخاله,101
1010005001129,رشت,101
1010005001125,خشکبیجار,101
1010006002229,توتکابن,101
1010006002138,جیرنده,101
1010006002383,بره سر,101
1010007001136,رحیم آباد,101
1010007001137,رودسر,101
1010007001135,چابکسر,101
1010007001138,کلاچای,101
1010007001139,واجارگاه,101
1010008002140,مرجقل,101
1010008001140,صومعه سرا,101
1010008002328,گوراب زرمیخ,101
1010008001058,طاهر گوراب,101
1010008001059,ضیابر,101
10100010002385,اطاقور,101
10100010001144,کومله,101
10100010002141,شلمان,101
10100011001147,لاهیجان,101
10100011002386,رودبنه,101
10100012002387,احمد سرگوراب,101
10100012001141,شفت,101
10100013002519,رانکوه,101
10100013001134,املش,101
10100014001121,پره سر,101
10100014001122,رضوانشهر,101
10100015002329,دیلمان,101
10100015001146,سیاهکل,101
10100016002510,بازار جمعه,101
10100016001123,ماسال,101
10100017001126,خمام,101
10100017001060,چوکام,101
1020001001148,رینه,102
1020001002388,گزنک,102
1020001001149,آمل,102
1020001002586,دابودشت,102
1020001002772,امامزاده عبدالله,102
1020001002875,بابکان,102
1020002002389,خوش رودپی,102
1020002001153,امیرکلا,102
1020002001154,بابل,102
1020002002390,گلوگاه,102
1020002002391,مرزیکلا,102
1020002002392,زرگر,102
1020002002587,گتاب,102
1020004001158,بهشهر,102
1020004001159,رستمکلا,102
1020004002647,خلیل شهر,102
1020005001100,شیرود,102
1020005001161,تنکابن,102
1020005001166,نشتارود,102
1020005001162,خرم آباد,102
1020006001167,رامسر,102
1020006001168,کتالم و سادات شهر,102
1020006001069,دالخانی,102
1020007002170,کیاسر,102
1020007002588,فریم,102
1020007001169,ساری,102
1020007002746,پایین هولار,102
1020007001006,اکند,102
10200014002396,بلده,102
1020007002874,فرح آباد,102
1020008001170,آلاشت,102
1020008001171,پل سفید,102
1020008001172,زیرآب,102
10200010001176,قایم شهر,102
10200010002747,ارطه,102
10200016002393,بهنمیر,102
10200014002119,چمستان,102
10200014001189,نور,102
10200014001193,رویان,102
10200014002648,ایزدشهر,102
10200015002713,پول,102
10200015002779,کجور,102
10200015001194,نوشهر,102
10200016001151,بابلسر,102
10200016002394,هادی شهر,102
10200018002395,سرخرود,102
10200018001150,محمودآباد,102
10200019001160,نکا,102
10200020001190,چالوس,102
10200020002748,هچیرود,102
10200020001192,مرزن آباد,102
10200021002397,کوهی خیل,102
10200021001175,جویبار,102
10200023001039,آستانه سرا,102
10200023001152,فریدونکنار,102
10200024001164,عباس آباد,102
10200024001163,سلمان شهر,102
10200024001165,کلارآباد,102
10200025002305,سورک,102
10200025002931,طبقده,102
10200026001177,کیاکلا,102
10200027001173,شیرگاه,102
10200028001191,کلاردشت,102
1030002001200,اهر,103
1030003001214,تبریز,103
1030003001215,سردرود,103
1030003001621,تبریز1,103
1030003001622,تبریز2,103
1030003001623,تبریز3,103
1030003001624,تبریز4,103
1030003001651,تبریز5,103
1030003001652,تبریز6,103
1030003001653,تبریز7,103
1030003002521,تبریز8,103
1030003001067,اسفهلان,103
1030003001068,لاهیجان,103
1030003001206,خسروشاه,103
1030005001216,مهربان,103
1030005002330,شربیان,103
1030005002399,دوزدوزان,103
1030003001213,باسمنج,103
1030005001220,سراب,103
1030006001223,مراغه,103
1030006002331,خداجوخراجو,103
1030007001227,زنوز,103
1030007001228,مرند,103
1030007002589,بناب مرند,103
1030007002400,یامچی,103
1030007001026,دیزج حسین بیگ,103
1030007002143,کشکسرای,103
10300010002144,ترکمانچای,103
10300010002401,آقکند,103
10300010002402,ترک,103
10300010001233,میانه,103
10300010002842,اچاچی,103
10300011001234,هشترود,103
10300011002590,نظرکهریزی,103
10300012001221,بناب,103
10300012002934,خوشه مهر,103
10300013002295,تیکمه داش,103
10300015001199,کلیبر,103
10300013001025,کردکندی,103
10300013001207,بستان آباد,103
10300014001212,صوفیان,103
10300014001209,خامنه,103
10300014001210,شبستر,103
10300014001211,شرفخانه,103
10300014002101,شندآباد,103
10300014002148,سیس,103
10300014002149,وایقان,103
10300014002544,کوزه کنان,103
10300014002946,داریان,103
10300014002947,علیشاه,103
10300014001208,تسوج,103
10300015002545,آبش احمد,103
10300016002146,خواجه,103
10300016002935,اربطان,103
10300016001217,هریس,103
10300016002147,زرنق,103
10300016002230,بخشایش,103
10300016002333,کلوانق,103
10300019002497,سیه رود,103
10300019001225,جلفا,103
10300019001226,هادیشهر,103
10300020001224,ملکان,103
10300020002844,مبارک شهر,103
10300021001202,گوگان,103
10300021002763,تیمورلو,103
10300021001203,ممقان,103
10300022001205,ایلخچی,103
10300022001204,اسکو,103
10300022002033,سهند,103
10300021001201,آذرشهر,103
10300023002145,قره آغاج,103
10300025001222,عجب شیر,103
10300024002398,خاروانا,103
10300024002142,ورزقان,103
10300025002843,جوان قلعه,103
10300026002332,خمارلو,103
10300026002944,عاشقلو,103
10300026002945,لاریجان,103
10300027002294,هوراند,103
10300028002296,لیلان,103
1040001002150,قوشچی,104
1040001002403,سیلوانه,104
1040001002404,سرو,104
1040001001235,ارومیه,104
1040001002151,نوشین,104
1040002001236,پیرانشهر,104
1040002002546,لاجان,104
1040003001238,خوی,104
1040003002043,دیزج دیز,104
1040003002735,زرآباد,104
1040003002405,ایواوغلی,104
1040003002044,قطور,104
1040003001239,فیرورق,104
1040005001241,تازه شهر,104
1040005001242,سلماس,104
1040004001240,سردشت,104
1040004002547,ربط,104
1040004002922,نلاس,104
1040006001246,ماکو,104
1040006002231,بازرگان,104
1040007002734,خلیفان,104
1040007001248,مهاباد,104
1040007002869,گوگ تپه,104
1040008001251,میاندوآب,104
1040008001005,بکتاش,104
1040009001254,نقده,104
1040009001253,محمدیار,104
10400010002548,سیمینه,104
10400010001247,بوکان,104
10400015002733,نازک علیا,104
10400011001250,شاهین دژ,104
10400011002591,محمودآباد,104
10400011002407,کشاورز,104
10400012001249,تکاب,104
10400012002926,تخت سلیمان,104
10400013001252,اشنویه,104
10400013002408,نالوس,104
10400014002549,آواجیق,104
10400014001245,سیه چشمه,104
10400015001243,پلدشت,104
10400016002879,حاجیلار,104
10400016001237,قره ضیاءالدین,104
10400017002736,مرگنلر,104
10400017001244,شوط,104
10400017002899,یولاگلدی,104
10400018002232,چهاربرج,104
10400019002592,باروق,104
10400020002406,میرآباد,104
1050001002411,حمیل,105
1050001001256,اسلام آبادغرب,105
1050002002410,هلشی,105
1050002001258,کرمانشاه,105
1050002002196,رباط,105
1050002002412,کوزران,105
1050002002896,قلعه,105
1050003002103,باینگان,105
1050003002761,بانوره,105
1050003001261,پاوه,105
1050003001262,نودشه,105
1050003001263,نوسود,105
1050004001264,سرپل ذهاب,105
1050005001265,سنقر,105
1050005002594,سطر,105
1050006002197,سومار,105
1050006001266,قصرشیرین,105
1050007001267,کنگاور,105
1050007002834,گودین,105
1050008002413,سرمست,105
1050008001268,گیلانغرب,105
1050009001260,جوانرود,105
1050009002900,شروینه,105
10500010002414,دینور,105
10500010001257,صحنه,105
10500011002233,بیستون,105
10500011001259,هرسین,105
10500012002185,تازه آباد,105
10500012002593,ازگله,105
10500012002977,میرآباد,105
10500013002409,گهواره,105
10500013001255,کرند,105
10500013002760,ریجاب,105
10500014002034,شاهو,105
10500014002102,روانسر,105
1060001001269,اروندکنار,106
1060001001270,آبادان,106
1060001002010,چویبده,106
1060002002595,حسینیه,106
1060002002803,بیدروبه,106
1060002001271,اندیمشک,106
1060002002801,آزادی,106
1060002002802,چم گلک,106
1060003001272,اهواز,106
1060003001625,اهواز1,106
1060003001626,اهواز2,106
1060003001684,اهواز3,106
1060003001685,اهواز4,106
1060003001686,اهواز5,106
1060003002668,اهواز6,106
1060003002669,اهواز7,106
1060003002670,اهواز8,106
1060003002791,الهایی,106
1060004001274,ایذه,106
1060005001275,بندرامام خمینی,106
1060005001276,بندرماهشهر,106
1060005002311,چمران,106
1060006002500,سردشت,106
1060006001279,بهبهان,106
1060006002797,منصوریه,106
1060006002798,تشان,106
1060007001280,خرمشهر,106
1060007002334,مقاومت,106
1060007002312,مینوشهر,106
1060008002035,حمزه,106
1060008002416,سالند,106
1060008001282,دزفول,106
1060008002100,شمس آباد,106
1060008002417,شهر امام,106
1060008002418,صفی آباد,106
1060008002419,میانرود,106
1060008002800,سیاه منصور,106
1060008002967,منتظران,106
1060008002717,چغامیش,106
1060008002983,جندی شاپور,106
1060008002927,شهیون,106
1060009001283,بستان,106
1060009001284,سوسنگرد,106
1060009002795,کوت سیدنعیم,106
1060009002796,ابوحمیظه,106
10600010001287,رامهرمز,106
10600010002929,رود زرد ماشین,106
10600010002921,سلطان آباد,106
10600010001004,باوج,106
10600011001288,شادگان,106
10600011002794,خنافره,106
10600011002008,دارخوین,106
10600012001290,شوشتر,106
10600012002036,شرافت,106
10600012002792,سرداران,106
10600012002714,گوریه,106
10600012002968,عرب حسن,106
10600013001291,مسجدسلیمان,106
10600013002793,گلگیر,106
10600013002930,عنبر,106
10600014001281,شوش,106
10600014002649,حر,106
10600014002718,فتح المبین,106
10600018001277,هندیجان,106
10600015001273,باغ ملک,106
10600015002720,میداود,106
10600015002551,قلعه تل,106
10600016002420,جایزان,106
10600016002111,امیدیه,106
10600016002969,میانکوه,106
10600017002104,لالی,106
10600017001061,تراز,106
10600018002650,زهره,106
10600019001286,رامشیر,106
10600019002719,مشراگه,106
10600020002007,ترکالکی,106
10600020002715,سماله,106
10600020001289,گتوند,106
10600020002009,صالح شهر,106
10600020002716,جنت مکان,106
10600021002799,آبژدان,106
10600021002928,زاووت,106
10600021002550,قلعه خواجه,106
10600022001292,هفتگل,106
10600023002313,رفیع,106
10600023001285,هویزه,106
10600024002106,ملاثانی,106
10600024002309,ویس,106
10600024002310,شیبان,106
10600025002105,حمیدیه,106
10600026001278,آغاجاری,106
10600026002920,جولکی,106
10600027002790,کوت عبداله,106
10600028002314,الوان,106
10600028002037,شاوور,106
10600029002415,دهدز,106
10600030002596,صیدون,106
1070001001296,آباده,107
1070001002335,ایزدخواست,107
1070001002597,سورمق,107
1070001001297,صغاد,107
1070001002198,بهمن,107
1070002002177,رونیز,107
1070002001298,استهبان,107
1070002002552,ایج,107
1070003002014,دژکرد,107
1070003002297,سده,107
1070003001299,اقلید,107
1070003002082,حسن اباد,107
1070004002707,دوزه,107
1070004002178,قطب آباد,107
1070004001301,جهرم,107
1070005002905,رستاق,107
1070005001303,داراب,107
1070005002016,فدامی,107
1070005002081,دوبرجی,107
1070005002179,جنت شهر,107
1070005001000,پاسخن,107
1070006001304,اردکان,107
1070006002711,هماشهر,107
1070007001309,شیراز,107
1070007001627,شیراز1,107
1070007001628,شیراز2,107
1070007001693,شیراز3,107
1070007001694,شیراز4,107
1070007001695,شیراز5,107
1070007001696,شیراز6,107
1070007002015,شهرصدرا,107
1070007002298,داریان,107
1070007002532,شیراز7,107
1070007002533,شیراز8,107
1070007002057,خانه زنیان,107
1070008002180,ششده,107
1070008002762,قره بلاغ,107
1070008002107,زاهدشهر,107
1070008002829,میانشهر,107
1070008001310,فسا,107
1070008002652,نوبندگان,107
1070009001313,فیروزآباد,107
1070009001314,میمند,107
10700010002423,بالاده,107
10700010002181,کنارتخته,107
10700010001315,کازرون,107
10700010002109,خشت,107
10700011001320,لار,107
10700011002013,لطیفی,107
10700011002553,خور,107
10700011002952,دهکویه,107
10700011002219,بیرم,107
10700011002182,بنارویه,107
10700011002709,عماد شهر,107
10700012002555,کامفیروز,107
10700012001044,فتح آباد,107
10700012001324,مرودشت,107
10700012002961,زنگی آباد,107
10700012002080,رامجرد,107
10700014002556,مشکان,107
10700012002336,سیدان,107
10700012002951,فاروق,107
10700012002776,خانیمن,107
10700013002781,بابامنیر,107
10700013001325,نورآباد,107
10700013002712,خومه زار,107
10700014001326,نی ریز,107
10700014002058,قطرویه,107
10700015001318,لامرد,107
10700015002212,اشکنان,107
10700015002235,اهل,107
10700015002236,علامرودشت,107
10700015002906,چاه ورز,107
10700015001015,خیرگو,107
10700016001295,بوانات,107
10700016002780,مزایجان,107
10700017001321,ارسنجان,107
10700018001323,قادراباد,107
10700018001294,صفاشهر,107
10700019002558,شهرپیر,107
10700019001302,حاجی آباد,107
10700019002651,دبیران,107
10700020002653,افزر,107
10700020001312,قیر,107
10700020002011,امام شهر,107
10700020002012,مبارک آباددیز,107
10700020002422,کارزین فتح آباد,107
10700021002425,گله دار,107
10700021002966,فال,107
10700021002211,مهر,107
10700021002559,وراوی,107
10700021002820,خوزی,107
10700021002708,اسیر,107
10700022001311,فراشبند,107
10700022002060,نوجین,107
10700022002059,دهرم,107
10700023001322,سعادت شهر,107
10700023002783,مادرسلیمان,107
10700024002907,محمله,107
10700028002904,طسوج,107
10700029002782,سلطان شهر,107
10700024001317,خنج,107
10700025002710,کوهنجان,107
10700025001306,سروستان,107
10700026002777,کوپن,107
10700026002337,مصیری,107
10700027001319,گراش,107
10700027002903,ارد,107
10700028001042,اکبرآباد,107
10700028001043,مظفری,107
10700028001307,کوار,107
10700029001308,خرامه,107
10700029002962,معزآبادجابری,107
10700029002963,خیراباد,107
10700030001305,زرقان,107
10700030002421,لپویی,107
10700030001045,رحمت آباد,107
10700031002503,بیضا,107
10700032002095,حسامی,107
10700032002557,کره ای,107
10700032001072,باغ صفا,107
10700032001057,توجردی,107
10700033002108,قایمیه,107
10700033002424,نودان,107
10700034002234,باب انار,107
10700034001300,خاوران,107
10700035001066,خواجه جمالی,107
10700035002199,آباده طشک,107
10700035001077,تم شولی,107
10700036001316,اوز,107
10700036001046,کوره,107
10700037002183,جویم,107
1080001001328,بافت,108
1080001002200,بزنجان,108
1080001001008,کشکوییه,108
1080002001330,بم,108
1080002001331,بروات,108
1080002001079,دهبکری,108
1080003002339,درب بهشت,108
1080003002237,جبالبارز,108
1080003001332,جیرفت,108
1080003002953,علی آباد,108
1080003002769,بلوک,108
1080004001335,رفسنجان,108
1080004002227,مس سرچشمه,108
1080004002427,بهرمان,108
1080004002954,جوادیه الهیه,108
1080004002085,صفاییه,108
1080005001337,زرند,108
1080005002201,خانوک,108
1080005002600,ریحان,108
1080005002601,یزدان شهر,108
1080005002955,سیریز,108
1080006001338,سیرجان,108
1080006002340,نجف شهر,108
1080006002561,پاریز,108
1080006002722,هماشهر,108
1080006002823,خواجو شهر,108
1080006002320,زیدآباد,108
1080006002825,بلورد,108
1080008001341,شهداد,108
1080008002603,اندوهجرد,108
1080008001342,گلباف,108
1080007001339,شهربابک,108
1080007002030,خورسند,108
1080007002086,خاتون آباد,108
1080007002031,جوزم,108
1080007002238,دهج,108
1080008001343,جوپار,108
1080008001344,ماهان,108
1080008002321,محی آباد,108
1080008001346,کرمان,108
1080008002239,باغین,108
1080008002323,زنگی آباد,108
1080008002428,اختیارآباد,108
1080008001329,راین,108
1080008001345,چترود,108
1080008002324,کاظم آباد,108
1080009001347,کهنوج,108
1080009002956,ده کهان,108
1080009001009,چاه مرید,108
10800010001348,بردسیر,108
10800010002824,دشتکار,108
10800010002065,لاله زار,108
10800010002241,گلزار,108
10800010002326,نگار,108
10800011002599,هجدک,108
10800011001340,راور,108
10800012001333,عنبرآباد,108
10800012002721,دوساری,108
10800012002602,مردهک,108
10800013002240,منوجان,108
10800013002604,نودژ,108
10800014002110,کیانشهر,108
10800014001336,کوهبنان,108
10800015002325,رودبار,108
10800016002908,چاه دادخدا,108
10800016002957,رمشک,108
10800016002176,قلعه گنج,108
10800017001013,رحمت آباد,108
10800017001014,عباس آباد سردار,108
10800017002316,محمدآباد,108
10800018001327,رابر,108
10800018002771,هنزا,108
10800019002317,فهرج,108
10800019001010,دهنو اسلام آباد,108
10800020001334,انار,108
10800020002318,امین شهر,108
10800021002338,نرماشیر,108
10800021002598,نظام شهر,108
10800022002429,فاریاب,108
10800022001011,پاسفید,108
10800023002315,ارزوییه,108
10800023001012,علی  آباد,108
10800024002822,گنبکی,108
10800025002821,زهکلوت,108
1090004001357,تایباد,109
1090004002562,کاریز,109
1090004002654,مشهد ریزه,109
1090005002341,بایک,109
1090005002243,کدکن,109
1090005001361,تربت حیدریه,109
1090006002342,نصرآباد,109
1090005001024,نسر,109
1090005002434,رباط سنگ,109
1090006001363,تربت جام,109
1090006002067,احمدآباد صولت,109
1090006002655,نیل شهر,109
1090006002888,سمیع آباد,109
1090007002202,چاپشلو,109
1090007001364,لطف آباد,109
1090007001365,درگز,109
1090007001366,نوخندان,109
10900013001376,باجگیران,109
1090008002245,روداب,109
1090008001367,سبزوار,109
1090008002677,سبزوار1,109
1090008002678,سبزوار2,109
10900013001041,مزرج,109
10900013001378,قوچان,109
10900013001020,آلماجق,109
10900013001022,شهر کهنه,109
10900014001381,کاشمر,109
10900014001055,فرگ قلعه,109
10900015001383,بیدخت,109
10900015001385,گناباد,109
10900015002987,روشناوند,109
10900015001384,کاخک,109
10900016002437,ملک آباد,109
10900016001392,مشهد,109
10900016002526,مشهد ثامن,109
10900016002436,رضویه,109
10900017002564,چکنه,109
10900017001394,نیشابور,109
10900017002041,بار,109
10900022001390,فریمان,109
10900022002566,فرهادگرد,109
10900018001386,چناران,109
10900018002998,رادکان,109
10900018002999,سیدآباد,109
10900019002213,سنگان,109
10900019001358,خواف,109
10900019002565,نشتیفان,109
10900019002439,قاسم آباد,109
10900019001021,سده,109
10900019002605,سلامی,109
10900020002607,مزدآوند,109
10900020001387,سرخس,109
10900022002442,قلندر آباد,109
10900022002608,سفید سنگ,109
10900023002440,انابد,109
10900023001379,بردسکن,109
10900023002090,شهرآباد,109
10900027002606,جنگل,109
10900027001359,رشتخوار,109
10900028001019,چنار,109
10900028002609,شهر زو,109
10900028001391,کلات,109
10900028001023,حسن آباد,109
10900029002656,کندر,109
10900029001380,خلیل آباد,109
10900030002069,شادمهر,109
10900030001360,فیض آباد,109
10900031001382,بجستان,109
10900031002610,یونسی,109
10900032001389,طرقبه,109
10900033002220,فیروزه,109
10900032001388,شاندیز,109
10900033001018,گرماب,109
10900033002066,همت آباد,109
10900034001596,جغتای,109
10900034002901,ریواده,109
10900035002135,دولت آباد,109
10900035002950,چخماق,109
10900038002902,مشکان,109
10900036002184,نقاب,109
10900036002889,حکم آباد,109
10900037002134,باخرز,109
10900037002970,قلعه نو علیا,109
10900038002343,سلطان آباد,109
10900038002986,نوده انقلاب,109
10900039002244,داورزن,109
10900039002964,ریوند,109
10900040001362,صالح آباد,109
10900040002980,جنت آباد,109
10900041002348,ریوش,109
10900042001393,درود,109
10900042002246,قدمگاه,109
10900042002349,خرو,109
10900044002854,گلبهار,109
10900042002965,اسحق آباد,109
10900043002344,ششتمد,109
10900043001054,شامکان,109
10900044002068,گلمکان,109
10900045002438,عشق آباد,109
1100001001395,اردستان,110
1100001001396,زواره,110
1100001002214,مهاباد,110
1100005002923,بیده,110
1100002001406,اصفهان,110
1100002002021,قهجاورستان,110
1100002002611,بهارستان,110
1100002002830,زیار,110
1100003001410,خمینی شهر,110
1100003001411,درچه,110
1100003002188,کوشک,110
1100003002755,اصغرآباد,110
1100004001031,ویست,110
1100004001413,خوانسار,110
1100005002443,کمه,110
1100005001414,سمیرم,110
1100005002249,حنا,110
1100005002351,ونک,110
1100005002936,فتح آباد,110
1100006001417,داران,110
1100006002251,دامنه,110
1100007001418,فریدونشهر,110
1100007002569,برف انبار,110
1100008001048,طاد,110
1100008002215,پیربکران,110
1100008002444,بهاران شهر,110
1100008001049,بوستان زر,110
1100008001419,فلاورجان,110
1100008001420,کلیشاد و سودرجان,110
1100008002252,ابریشم,110
1100008002445,اشترجان,110
1100008002997,مینادشت,110
1100008001439,قهدریجان,110
1100008002789,زازران,110
1100009001422,شهرضا,110
1100009002446,منظریه,110
11000010001424,قمصر,110
11000010002447,جوشقان قالی,110
11000010002831,کامو و چوگان,110
11000010001425,کاشان,110
11000010002657,مشکات,110
11000010002302,نیاسر,110
11000010002542,برزک,110
11000011001426,گلپایگان,110
11000011001427,گوگد,110
11000011002511,گلشهر,110
11000012001429,باغ بهادران,110
11000012002121,چرمهین,110
11000012001430,چمگردان,110
11000012001431,زرین شهر,110
11000012001432,سده لنجان,110
11000012002112,ورنامخواست,110
11000012002128,فولادشهر,110
11000012002504,زاینده رود,110
11000012002788,باغشاد,110
11000013001433,انارک,110
11000013001435,نایین,110
11000013002078,بافران,110
11000014001440,نجف آباد,110
11000014002045,جوزدان,110
11000014002122,گلدشت,110
11000014002570,کهریزسنگ,110
11000014001437,دهق,110
11000014001438,علویجه,110
11000015001442,نطنز,110
11000015002754,طرق رود,110
11000015001441,بادرود,110
11000015002612,خالدآباد,110
11000016001408,میمه,110
11000016001409,وزوان,110
11000016001598,لای بید,110
11000016001401,شاهین شهر,110
11000016001402,گزبرخوار,110
11000016001597,گرگاب,110
11000017001428,مبارکه,110
11000017001599,مجلسی,110
11000017002189,دیزیچه,110
11000017002204,طالخونچه,110
11000017002448,کرکوند,110
11000017002572,زیباشهر,110
11000017002937,ده سرخ,110
11000018002279,ابوزیدآباد,110
11000018001423,آران و بیدگل,110
11000018002505,نوش آباد,110
11000018002543,سفید شهر,110
11000019002449,عسگران,110
11000019001436,تیران,110
11000019002573,رضوانشهر,110
11000020001415,چادگان,110
11000020002352,رزوه,110
11000021001421,دهاقان,110
11000021002093,گلشن,110
11000022001397,حبیب آباد,110
11000022002094,شاپورآباد,110
11000022002571,کمشچه,110
11000022001398,خورزوق,110
11000022001399,دستگرد,110
11000022001400,دولت آباد,110
11000022002756,سین,110
11000023001434,خور,110
11000023002077,فرخی,110
11000023002203,جندق,110
11000024001416,بویین و میاندشت,110
11000024002250,افوس,110
11000025001403,کوهپایه,110
11000025002513,تودشک,110
11000025002350,سجزی,110
11000026002186,نیک آباد,110
11000026002247,محمدآباد,110
11000026002512,نصرآباد,110
11000026002187,حسن اباد,110
11000027001404,ورزنه,110
11000028001405,هرند,110
11000028002248,اژیه,110
1110001002450,بزمان,111
1110001001443,ایرانشهر,111
1110002001446,چاه بهار,111
1110002002894,پلان,111
1110003001449,خاش,111
1110003002979,اسماعیل آباد,111
1110003002915,ده رییس,111
1110004001450,زابل,111
1110004002453,بنجار,111
1110005001451,زاهدان,111
1110005002454,نصرت آباد,111
1110005002891,سرجنگل,111
1110006001453,سراوان,111
1110006002047,محمدی,111
1110006002048,گشت,111
1110006002455,سیرکان,111
1110006001047,اسفندک,111
1110007002456,بنت,111
1110007001448,نیک شهر,111
1110007001001,چانف,111
1110008002501,پیشین,111
1110008002461,راسک,111
1110008002890,پارود,111
1110009001447,کنارک,111
11100010002978,جزینک,111
11100010002173,زهک,111
11100011002514,دوست محمد,111
11100011002916,قرقری,111
11100012002451,گلمورتی,111
11100012002914,چگرد,111
11100013002355,مهرستان,111
11100013002893,آشار,111
11100014001027,سیب,111
11100014002174,سوران,111
11100014002613,هیدوچ,111
11100015002353,ادیمی,111
11100016002354,محمدآباد,111
11100016002046,علی اکبر,111
11100017001452,میرجاوه,111
11100017001078,لادیز,111
11100017002912,ریگ ملک,111
11100018001445,قصرقند,111
11100018002892,ساربوک,111
11100019002175,فنوج,111
11100019002913,گتیج,111
11100020002049,محمدان,111
11100020002172,بمپور,111
11100020001028,قاسم آباد,111
11100021002452,نوک آباد,111
11100022001029,بریس,111
11100022001444,نگور,111
11100023002499,سرباز,111
11100024002191,جالق,111
11100025002506,اسپکه,111
11100026002739,زرآباد,111
1120001002457,آرمرده,112
1120002002460,بابارشانی,112
1120002002785,پیرتاج,112
1120001001454,بانه,112
1120001002458,کانی سور,112
1120001002459,بویین سفلی,112
1120002002190,یاسوکند,112
1120002001455,بیجار,112
1120002002784,توپ آغاج,112
1120003002502,صاحب,112
1120003001456,سقز,112
1120003002924,سنته,112
1120004001458,سنندج,112
1120004002462,شویشه,112
1120004002895,حسین آباد,112
1120005001462,قروه,112
1120005001461,سریش آباد,112
1120005002463,دزج,112
1120005001037,مالوجه,112
1120005002426,دلبران,112
1120006002753,برده رشه,112
1120006002464,چناره,112
1120006001463,مریوان,112
1120006002055,کانی دینار,112
1120007002465,زرینه,112
1120007001459,دیواندره,112
1120007002925,هزارکانیان,112
1120008001457,کامیاران,112
1120008002466,موچش,112
1120009002752,اورامان تخت,112
1120009002205,سروآباد,112
11200010001460,دهگلان,112
11200010002042,بلبان آباد,112
1130001002467,فرسفج,113
1130001001464,تویسرکان,113
1130001001465,سرکان,113
1130002002253,ازندریان,113
1130002002468,جوکار,113
1130002001466,سامن,113
1130002001467,ملایر,113
1130002002871,اسلام شهر آق گل,113
1130002002658,زنگنه,113
1130003002206,فیروزان,113
1130003001468,نهاوند,113
1130003002659,برزول,113
1130003002660,گیان,113
1130004002356,قهاوند,113
1130004001474,مریانج,113
1130004001475,همدان,113
1130004002254,جورقان,113
1130005002469,گل تپه,113
1130005001473,کبودرآهنگ,113
1130005002470,شیرین سو,113
1130006001469,اسدآباد,113
1130006002994,پالیز,113
1130008002357,دمق,113
1130006002758,آجین,113
1130007001472,لالجین,113
1130007002757,مهاجران,113
1130007001471,بهار,113
1130007002216,صالح آباد,113
1130008002171,رزن,113
1130009002192,فامنین,113
11300010001064,شاهنجرین,113
11300010002870,کرفس,113
11300010001470,قروه درگزین,113
1140001002152,گندمان,114
1140001001478,بروجن,114
1140001001479,فرادبنه,114
1140001002306,سفیددشت,114
1140001002706,نقنه,114
1140001001477,بلداجی,114
1140002001482,شهرکرد,114
1140002001484,هفشجان,114
1140002002123,کیان,114
1140002002359,طاقانک,114
1140002002471,نافچ,114
1140002002113,سورشجان,114
1140002002614,سودجان,114
1140002002838,هارونی,114
1140003001486,فارسان,114
1140003002805,گوجان,114
1140003002124,بآباحیدر,114
1140003002938,فیل آباد,114
1140003001485,جونقان,114
1140003002730,پردنجان,114
1140003002806,چلیچه,114
1140004001487,لردگان,114
1140004002731,منج,114
1140004002840,سردشت,114
1140005001476,اردل,114
1140005002807,کاج,114
1140005002808,دشتک,114
1140005002809,سرخون,114
1140006002841,بازفت,114
1140006002360,چلگرد,114
1140006002839,صمصامی,114
1140007002153,شلمزار,114
1140007002358,گهرو,114
1140007002729,دستنا,114
1140007002154,ناغان,114
1140008001481,سامان,114
1140008002918,هوره,114
1140009001480,بن,114
1140009002732,وردنجان,114
1140009002919,یان چشمه,114
11400010002473,آلونی,114
11400011002472,مال خلیفه,114
11400012001483,فرخ شهر,114
1150001002728,شول آباد,115
1150001001489,الیگودرز,115
1150001001056,تیتکان بزنوید,115
1150001002877,شاهپوراباد,115
1150001002876,چمن سلطان,115
1150002001490,اشترینان,115
1150002002971,ونایی,115
1150002001492,بروجرد,115
1150002002688,بروجرد1,115
1150002002689,بروجرد2,115
1150003002474,سپیددشت,115
1150003002475,بیران شهر,115
1150003002361,زاغه,115
1150003001496,خرم آباد,115
1150003002685,خرم آباد1,115
1150003002686,خرم آباد2,115
1150003002687,خرم آباد3,115
1150004002727,هفت چشمه,115
1150004001494,نورآباد,115
1150004002995,برخوردار,115
1150005002363,چالانچولان,115
1150006002615,درب گنبد,115
1150005001491,دورود,115
1150006002257,گراب,115
1150006001495,کوهدشت,115
1150006002364,کوهنانی,115
1150007002365,مومن آباد,115
1150007001488,ازنا,115
1150008001497,پلدختر,115
1150008002996,سراب حمام,115
1150009002367,فیروزآباد,115
1150009001493,الشتر,115
11500010002255,سراب دوره,115
11500010002973,چم پلک,115
11500010002362,ویسیان,115
11500011002972,سوری,115
11500011002256,چقابل,115
11500012002366,معمولان,115
1160001001500,ایلام,116
1160001002974,جعفراباد,116
1160002001503,دره شهر,116
1160002002849,ماژین,116
1160003002127,پهله,116
1160003001505,دهلران,116
1160003001506,موسیان,116
1160003001504,میمه,116
1160003001063,دشت عباس,116
1160004001507,سرابله,116
1160004002850,شباب,116
1160004002851,بلاوه,116
1160004002617,آسمان آباد,116
1160005001509,صالح آباد,116
1160005001510,مهران,116
1160006002616,مورموری,116
1160006001501,آبدانان,116
1160006002056,سراب باغ,116
1160007002476,زرنه,116
11600012001499,چوار,116
1160007001498,ایوان,116
1160008001508,ارکواز,116
1160008002028,دلگشا,116
1160008002745,مهر,116
1160009002155,لومار,116
11600010001502,بدره,116
11600010002909,چشمه شیرین,116
11600011002574,توحید,116
1170001001512,یاسوج,117
1170001002023,مادوان,117
1170001002478,گراب سفلی,117
1170001002083,چیتاب,117
1170001001080,سپیدار,117
1170002002479,قلعه رییسی,117
1170002001514,دهدشت,117
1170002002480,دیشموک,117
1170002002156,سوق,117
1170003001515,دوگنبدان,117
1170004002084,پاتاوه,117
1170004001511,سی سخت,117
1170005001082,سرآسیاب یوسفی,117
1170005002368,لیکک,117
1170005001081,قلعه ممبی,117
1170006001513,چرام,117
1170006002828,سرفاریاب,117
1170007002130,باشت,117
1170007002917,بوستان,117
1170008002129,لنده,117
1170009002477,مارگون,117
1180001001516,خارک,118
1180001001517,بوشهر,118
1180001002692,بوشهر1,118
1180001002693,بوشهر2,118
1180001002867,عالی شهر,118
1180001002481,چغادک,118
1180002002258,دلوار,118
1180003001520,برازجان,118
1180003002369,دالکی,118
1180002001518,اهرم,118
1180002002816,آباد,118
1180003001519,سعد آباد,118
1180003002482,وحدتیه,118
1180003002157,شبانکاره,118
1180003002618,تنگ ارم,118
1180003002619,کلمه,118
1180003002817,بوشکان,118
1180003002308,آب پخش,118
1180004002131,کاکی,118
1180004002818,بادوله,118
1180004001521,خورموج,118
1180004002050,شنبه,118
1180005002483,بردخون,118
1180005001522,بندردیر,118
1180005002737,بردستان,118
1180005002819,دوراهک,118
1180005002484,آبدان,118
1180006001523,بندرکنگان,118
1180006002620,بنک,118
1180006001076,شیرینو,118
1180006002661,سیراف,118
1180007001525,بندرریگ,118
1180007001526,بندرگناوه,118
1180008002370,امام حسن,118
1180008001524,بندردیلم,118
1180009002087,انارستان,118
1180009002662,ریز,118
1180009002259,جم,118
1180009002933,بهارستان,118
11800010002621,عسلویه,118
11800010002622,نخل تقی,118
11800010002932,بیدخون,118
11800010002878,چاه مبارک,118
1190001001528,ابهر,119
1190001001530,صایین قلعه,119
1190001001531,هیدج,119
1190003002260,گرماب,119
1190003002376,زرین رود,119
1190003001533,قیدار,119
1190003002039,سهرورد,119
1190003002832,کرسف,119
1190003002833,نوربهار,119
1190003002371,سجاس,119
1190004002764,نیک پی,119
1190004001534,زنجان,119
1190004002038,ارمغانخانه,119
1190006002485,حلب,119
1190006002327,زرین آباد,119
1190007001529,خرمدره,119
1190008002486,چورزق,119
1190008002262,آب بر,119
1190009002261,دندی,119
1190009002207,ماه نشان,119
11900010001527,سلطانیه,119
1200001002263,امیریه,120
1200001001540,دامغان,120
1200001002264,دیباج,120
1200001002759,کلاته,120
1200002001542,سمنان,120
1200003001545,بسطام,120
1200003001546,مجن,120
1200003002160,کلاته خیج,120
1200003002161,بیارجمند,120
1200003001547,شاهرود,120
1200003002775,رودیان,120
1200004001548,ایوانکی,120
1200004001550,گرمسار,120
1200006002768,کهن آباد,120
1200005001543,شهمیرزاد,120
1200005001544,مهدی شهر,120
1200005002022,درجزین,120
1200006001549,آرادان,120
1200007002162,میامی,120
1200007002990,رضوان,120
1200008001541,سرخه,120
1210001002984,خرانق,121
1210001001551,اردکان,121
1210001002265,احمد آباد,121
1210001002623,عقدا,121
1210002001554,بافق,121
1210003001555,تفت,121
1210003001556,نیر,121
1210003002976,بخ,121
1210004001558,مهریز,121
1210005001017,یزد_منطقه تاریخی,121
1210005001562,یزد,121
1210005002126,شاهدیه,121
1210005002163,حمیدیا,121
1210006001552,میبد,121
1210006002322,ندوشن,121
1210006002024,بفروییه,121
1210008002377,خضرآباد,121
1210007002372,مهردشت,121
1210007001293,ابرکوه,121
1210008001560,اشکذر,121
1210008002985,مجومرد,121
1210009001559,هرات,121
12100011001553,بهاباد,121
12100012001557,مروست,121
12100013001561,زارچ,121
1220001001563,ابوموسی,122
1220002002307,فین,122
1220002001567,بندر عباس,122
1220002002812,تازیان پایین,122
1220002002088,تخت,122
1220002002063,قلعه قاضی,122
1220002001572,هرمز,122
1220003002266,چارک,122
1220003002193,کیش,122
1220003001570,کنگ,122
1220003001571,بندر لنگه,122
1220003002813,لمزان,122
1220004002487,سوزا,122
1220004001033,رمکان,122
1220004001034,لافت,122
1220004001573,قشم,122
1220004002627,درگهان,122
1220004002940,طبل,122
1220005002064,سندرک,122
1220005001575,میناب,122
1220005002814,تیرور,122
1220005002003,هشتبندی,122
1220005001035,زهوکی,122
1220005001036,کرگان,122
1220005002910,بند زرک,122
1220006001565,بندر جاسک,122
1220006002872,لیردف,122
1220007002663,زیارتعلی,122
1220007001574,دهبارز,122
1220007002911,بالا شهر,122
1220007002006,بیکاء,122
1220008002626,فارغان,122
1220008001566,حاجی آباد,122
1220008002092,سرگز,122
1220009002625,جناح,122
1220009002959,هنگوییه,122
1220009001568,بستک,122
1220009002960,کوهیچ,122
12200010002005,رویدر,122
12200010001564,خمیر,122
12200010002939,پل,122
12200011002004,کوشکنار,122
12200011001569,پارسیان,122
12200011002751,دشتی,122
12200012002815,کوهستک,122
12200012002267,سیریک,122
12200012002724,گروک,122
12200013002061,سردشت,122
12200013002062,گوهران,122
1230001001576,تهران,123
1230002001578,دماوند,123
1230002001580,کیلان,123
1230002002269,آبسرد,123
1230002001579,رودهن,123
1230002002629,آبعلی,123
1230003002167,حسن آباد,123
12300017002217,ملارد,123
12300017002373,صفادشت,123
12300018001592,پیشوا,123
1230003002270,باقرشهر,123
1230003002488,کهریزک,123
1230003002115,ری,123
1230003002886,قیام دشت,123
1230003002887,قلعه نو,123
1230004001582,فشم,123
1230004002117,تجریش,123
1230004002778,شمشک,123
1230004001583,لواسان,123
1230006002168,جوادآباد,123
1230006001594,ورامین,123
1230009001588,شهریار,123
1230009002277,صباشهر,123
1230009002303,شاهدشهر,123
1230009002632,باغستان,123
1230009002633,اندیشه,123
1230009002694,شهریار1,123
1230009002695,شهریار2,123
1230009002696,شهریار3,123
1230009002293,وحیدیه,123
1230009002491,فردوسیه,123
12300010002489,چهاردانگه,123
12300010001050,اسلام شهر6,123
12300010001581,اسلامشهر,123
12300010002289,اسلام شهر1,123
12300010002290,اسلام شهر2,123
12300010002560,اسلام شهر3,123
12300010002770,احمد آباد مستوفی,123
12300012001585,رباطکریم,123
12300012002666,نصیرشهر,123
12300012002826,پرند,123
12300013002490,شریف آباد,123
12300013002120,پاکدشت,123
12300013002705,فرون اباد,123
12300014002634,ارجمند,123
12300014001577,فیروزکوه,123
12300016002116,قدس,123
12300018002989,جلیل اباد,123
12300019002278,گلستان,123
12300019002665,صالحیه,123
12300019002208,نسیم شهر,123
12300020002268,بومهن,123
12300020001040,سعیداباد,123
12300020001051,خسرواباد,123
12300020002628,پردیس,123
12300021001593,قرچک,123
1240003002164,هشتجین,124
1240003002165,کلور,124
1240001001195,اردبیل,124
1240001002299,هیر,124
1240001002949,آراللو,124
1240001002882,ثمرین,124
1240002001230,بیله سوار,124
1240002002209,جعفرآباد,124
1240003001219,خلخال,124
1240004002300,رضی,124
1240004001229,مشگین شهر,124
1240004002948,النی,124
1240004002301,لاهرود,124
1240004002704,فخراباد,124
1240004002723,مرادلو,124
1240004002749,قصابه,124
1240005001232,گرمی,124
1240005002880,زهرا,124
1240006001032,اولتان,124
1240006001231,پارس آباد,124
1240006002029,مغان سر,124
1240006002750,اسلام اباد,124
1240007001218,گیوی,124
1240007001073,فیروزآباد,124
1240008002493,آبی بیگلو,124
1240008001197,نمین,124
1240008002576,عنبران,124
1240009001198,نیر,124
1240009002636,کوراییم,124
12400010001196,سرعین,124
12400010002881,اردیموسی,124
12400011002166,اصلاندوز,124
12400011001074,بران علیا,124
12400012002492,تازه کندانگوت,124
12400012001065,زیوه,124
1250001002515,دستجرد,125
1250001001114,قم,125
1250001002516,قنوات,125
1250001002027,سلفچگان,125
1250002002274,جعفریه,125
1250002001062,قاهان,125
1250003002275,کهک,125
1260001002159,دانسفهان,126
1260001001538,شال,126
1260001001537,بویین زهرا,126
1260001002638,سگزآباد,126
1260001002991,عصمت آباد,126
1260001002577,ارداق,126
1260002002114,اسفرورین,126
1260002002374,خرمدشت,126
1260002002158,ضیاآباد,126
1260002001532,تاکستان,126
1260002002639,نرجه,126
1260003002494,معلم کلایه,126
1260003002495,رازمیان,126
1260003002667,سیردان,126
1260003001595,قزوین,126
1260003002125,اقبالیه,126
1260003002375,محمودآبادنمونه,126
1260003002579,کوهین,126
1260004002637,خاکعلی,126
1260004001535,آبیک,126
1260004002992,زیاران,126
1260004002993,قشلاق,126
1260005002040,شریفیه,126
1260005002218,محمدیه,126
1260005002578,بیدستان,126
1260005001539,الوند,126
1260006001536,آوج,126
1260006002517,آبگرم,126
1270001001178,بندرگز,127
1270001002194,نوکنده,127
1270002001156,بندرترکمن,127
1270002002975,سیجوال,127
1270003001174,علی آباد,127
1270003002836,مزرعه,127
1270003002837,سنگدوین,127
1270003002507,فاضل آباد,127
1270004001179,کردکوی,127
1270005001181,گرگان,127
1270005002018,جلین,127
1270005002508,سرخنکلاته,127
1270005002868,قرق,127
1270006001030,کرند,127
1270006002496,اینچه برون,127
1270009002835,فراغی,127
1270006001186,گنبدکاووس,127
1270007001071,القجر,127
1270007001188,مینودشت,127
1270007002883,دوزین,127
1270008002509,انبار آلوم,127
1270008001180,آق قلا,127
1270009001185,کلاله,127
12700010002581,نوده خاندوز,127
12700010001182,آزادشهر,127
12700010002640,نگین شهر,127
12700011001183,خان ببین,127
12700014002884,صادق آباد,127
12700011001184,رامیان,127
12700011002195,دلند,127
12700011002765,تاتار علیا,127
12700012002498,مراوه,127
12700012002885,گلیداغ,127
12700013001155,گمیش تپه,127
12700013002580,سیمین شهر,127
12700014001070,ینقاق,127
12700014001187,گالیکش,127
1280001001349,اسفراین,128
1280002001353,بجنورد,128
1280002002699,بجنورد1,128
1280002002700,بجنورد2,128
1280002002847,چناران شهر,128
1280002002431,حصارگرمخان,128
1280003002432,سنخواست,128
1280003002433,شوقان,128
1280003001350,جاجرم,128
1280004002435,لوجلی,128
1280004001038,خانلق,128
1280004001368,شیروان,128
1280004002845,زیارت,128
1280004002846,قوشخانه,128
1280005002079,تیتکانلو,128
1280005001377,فاروج,128
1280006002567,قاضی,128
1280006002848,آوا,128
1280006001352,آشخانه,128
1280007002053,ایور,128
1280007002054,گرمه,128
1280007002641,درق,128
1280008002132,راز,128
1280008002942,غلامان,128
1280008002943,یکه سعود,128
1280009002430,صفی آباد,128
12800010002568,پیش قلعه,128
1290001001355,بیرجند,129
1290001002701,بیرجند1,129
1290001002702,بیرجند2,129
1290002002051,قهستان,129
1290002002052,طبس مسینا,129
1290002002725,گزیک,129
1290002002276,اسدیه,129
1290003001354,سربیشه,129
1290003002642,مود,129
1290003002897,درح,129
1290004001375,قاین,129
1290004002643,اسفدن,129
1290004001374,خضری دشت بیاض,129
1290004002646,نیمبلوک,129
1290004002645,آرین شهر,129
1290005002441,شوسف,129
1290005001356,نهبندان,129
1290006001371,سرایان,129
1290006002346,آیسک,129
1290006002563,سه قلعه,129
1290007001002,باغستان,129
1290007001372,اسلامیه,129
1290007001373,فردوس,129
1290009002644,زهان,129
1290008001370,بشرویه,129
1290008002726,ارسک,129
1290009002347,حاجی آباد,129
1290009002898,آبیز,129
12900010002242,خوسف,129
12900010001003,ماژان,129
12900011002345,عشق آباد,129
12900011001369,طبس,129
12900011002624,دیهوک,129
1300001001590,کرج,130
1300001002118,ماهدشت,130
1300001002272,کمال شهر,130
1300001002273,محمد شهر,130
1300001002635,گرمدره,130
1300001002070,آسارا,130
1300002001587,هشتگرد,130
1300002002026,گلسار,130
1300002002664,مهستان,130
1300002002630,کوهسار,130
1300003001586,نظرآباد,130
1300003002025,تنکمان,130
1300004002169,طالقان,130
1300005001584,اشتهارد,130
1300005002981,پلنگ آباد,130
1300006002282,فردیس,130
1300006002271,مشکین دشت,130
1300007002631,چهارباغ,130
